type,compression,zone_maps,indexed,iteration,phases.Initialisation,phases.Query Execution,columns.year.blocks,columns.year.read,columns.month.blocks,columns.month.read,columns.town.blocks,columns.town.read,columns.flat_type.blocks,columns.flat_type.read,columns.block.blocks,columns.block.read,columns.street_name.blocks,columns.street_name.read,columns.storey_range.blocks,columns.storey_range.read,columns.floor_area_sqm.blocks,columns.floor_area_sqm.read,columns.flat_model.blocks,columns.flat_model.read,columns.lease_commence_date.blocks,columns.lease_commence_date.read,columns.resale_price.blocks,columns.resale_price.read,totals.blocks,totals.read
basic,Off,Off,Off,1,0.00016279200099234004,15.344651624998733,127,127,64,6,1013,54,1013,6,254,6,2026,7,507,6,254,12,2026,7,127,5,254,12,7665,248
compressed,On,Off,Off,1,0.0018492500003048917,15.254821082999115,127,127,64,6,64,4,64,4,127,5,127,5,64,4,254,12,127,5,127,5,254,12,1399,189
zone map,Off,On,Off,1,0.14235208399986732,9.177816291999989,127,11,64,5,1013,54,1013,6,254,6,2026,7,507,6,254,12,2026,7,127,5,254,12,7665,131
indexed,Off,Off,"(year, month, town)",1,0.13227358400035882,2.3714694999998756,127,5,64,4,1013,6,1013,6,254,6,2026,7,507,6,254,12,2026,7,127,5,254,12,7665,76
"indexed, zone map, compressed",On,On,"(year, month, town)",1,0.18240283299928706,2.3986509170008503,127,5,64,4,64,4,64,4,127,5,127,5,64,4,254,12,127,5,127,5,254,12,1399,65
basic,Off,Off,Off,2,5.012499968870543e-05,15.200668708999729,127,127,64,6,1013,54,1013,6,254,6,2026,7,507,6,254,12,2026,7,127,5,254,12,7665,248
compressed,On,Off,Off,2,0.001771417000782094,15.47138512499987,127,127,64,6,64,4,64,4,127,5,127,5,64,4,254,12,127,5,127,5,254,12,1399,189
zone map,Off,On,Off,2,0.1431394579994958,9.202449541999158,127,11,64,5,1013,54,1013,6,254,6,2026,7,507,6,254,12,2026,7,127,5,254,12,7665,131
indexed,Off,Off,"(year, month, town)",2,0.1318431250001595,2.376854750000348,127,5,64,4,1013,6,1013,6,254,6,2026,7,507,6,254,12,2026,7,127,5,254,12,7665,76
"indexed, zone map, compressed",On,On,"(year, month, town)",2,0.18587483299961605,2.401320458000555,127,5,64,4,64,4,64,4,127,5,127,5,64,4,254,12,127,5,127,5,254,12,1399,65
basic,Off,Off,Off,3,5.4333999287337065e-05,15.228368207999665,127,127,64,6,1013,54,1013,6,254,6,2026,7,507,6,254,12,2026,7,127,5,254,12,7665,248
compressed,On,Off,Off,3,0.0017784589999791933,15.450165291000303,127,127,64,6,64,4,64,4,127,5,127,5,64,4,254,12,127,5,127,5,254,12,1399,189
zone map,Off,On,Off,3,0.1427417079994484,9.216107332998945,127,11,64,5,1013,54,1013,6,254,6,2026,7,507,6,254,12,2026,7,127,5,254,12,7665,131
indexed,Off,Off,"(year, month, town)",3,0.13329391700062843,2.376292625000133,127,5,64,4,1013,6,1013,6,254,6,2026,7,507,6,254,12,2026,7,127,5,254,12,7665,76
"indexed, zone map, compressed",On,On,"(year, month, town)",3,0.18308545799845888,2.4123188749999827,127,5,64,4,64,4,64,4,127,5,127,5,64,4,254,12,127,5,127,5,254,12,1399,65
basic,Off,Off,Off,4,4.666699896915816e-05,15.243718249999802,127,127,64,6,1013,54,1013,6,254,6,2026,7,507,6,254,12,2026,7,127,5,254,12,7665,248
compressed,On,Off,Off,4,0.0019179579994670348,15.374126667000382,127,127,64,6,64,4,64,4,127,5,127,5,64,4,254,12,127,5,127,5,254,12,1399,189
zone map,Off,On,Off,4,0.14300125000045227,9.217321832999005,127,11,64,5,1013,54,1013,6,254,6,2026,7,507,6,254,12,2026,7,127,5,254,12,7665,131
indexed,Off,Off,"(year, month, town)",4,0.13187554199976148,2.3848250409992033,127,5,64,4,1013,6,1013,6,254,6,2026,7,507,6,254,12,2026,7,127,5,254,12,7665,76
"indexed, zone map, compressed",On,On,"(year, month, town)",4,0.18234087500059104,2.4085256250000384,127,5,64,4,64,4,64,4,127,5,127,5,64,4,254,12,127,5,127,5,254,12,1399,65
basic,Off,Off,Off,5,4.733300011139363e-05,15.227342792000854,127,127,64,6,1013,54,1013,6,254,6,2026,7,507,6,254,12,2026,7,127,5,254,12,7665,248
compressed,On,Off,Off,5,0.0017689159994915826,15.3227759170004,127,127,64,6,64,4,64,4,127,5,127,5,64,4,254,12,127,5,127,5,254,12,1399,189
zone map,Off,On,Off,5,0.142942624999705,9.358595708999928,127,11,64,5,1013,54,1013,6,254,6,2026,7,507,6,254,12,2026,7,127,5,254,12,7665,131
indexed,Off,Off,"(year, month, town)",5,0.1302657910000562,2.3819902909999655,127,5,64,4,1013,6,1013,6,254,6,2026,7,507,6,254,12,2026,7,127,5,254,12,7665,76
"indexed, zone map, compressed",On,On,"(year, month, town)",5,0.18760437499986438,2.416294750000816,127,5,64,4,64,4,64,4,127,5,127,5,64,4,254,12,127,5,127,5,254,12,1399,65
basic,Off,Off,Off,6,5.1666998842847534e-05,15.23251858399999,127,127,64,6,1013,54,1013,6,254,6,2026,7,507,6,254,12,2026,7,127,5,254,12,7665,248
compressed,On,Off,Off,6,0.001770250000845408,15.292537624998658,127,127,64,6,64,4,64,4,127,5,127,5,64,4,254,12,127,5,127,5,254,12,1399,189
zone map,Off,On,Off,6,0.1430277079998632,9.173451582999405,127,11,64,5,1013,54,1013,6,254,6,2026,7,507,6,254,12,2026,7,127,5,254,12,7665,131
indexed,Off,Off,"(year, month, town)",6,0.13082316699910734,2.3879377499997645,127,5,64,4,1013,6,1013,6,254,6,2026,7,507,6,254,12,2026,7,127,5,254,12,7665,76
"indexed, zone map, compressed",On,On,"(year, month, town)",6,0.18202025000027788,2.4168262080002023,127,5,64,4,64,4,64,4,127,5,127,5,64,4,254,12,127,5,127,5,254,12,1399,65
basic,Off,Off,Off,7,4.495800021686591e-05,15.197971499999767,127,127,64,6,1013,54,1013,6,254,6,2026,7,507,6,254,12,2026,7,127,5,254,12,7665,248
compressed,On,Off,Off,7,0.0017798339995351853,15.260533582999415,127,127,64,6,64,4,64,4,127,5,127,5,64,4,254,12,127,5,127,5,254,12,1399,189
zone map,Off,On,Off,7,0.14252116700117767,9.178388249998534,127,11,64,5,1013,54,1013,6,254,6,2026,7,507,6,254,12,2026,7,127,5,254,12,7665,131
indexed,Off,Off,"(year, month, town)",7,0.13105949999953737,2.3933144160000666,127,5,64,4,1013,6,1013,6,254,6,2026,7,507,6,254,12,2026,7,127,5,254,12,7665,76
"indexed, zone map, compressed",On,On,"(year, month, town)",7,0.1821485410000605,2.4139817079994828,127,5,64,4,64,4,64,4,127,5,127,5,64,4,254,12,127,5,127,5,254,12,1399,65
basic,Off,Off,Off,8,4.7790999815333635e-05,15.192197791999206,127,127,64,6,1013,54,1013,6,254,6,2026,7,507,6,254,12,2026,7,127,5,254,12,7665,248
compressed,On,Off,Off,8,0.0018007079997914843,15.29553074999967,127,127,64,6,64,4,64,4,127,5,127,5,64,4,254,12,127,5,127,5,254,12,1399,189
zone map,Off,On,Off,8,0.14279645799979335,9.191913707998538,127,11,64,5,1013,54,1013,6,254,6,2026,7,507,6,254,12,2026,7,127,5,254,12,7665,131
indexed,Off,Off,"(year, month, town)",8,0.13164333299937425,2.4041611249995185,127,5,64,4,1013,6,1013,6,254,6,2026,7,507,6,254,12,2026,7,127,5,254,12,7665,76
"indexed, zone map, compressed",On,On,"(year, month, town)",8,0.1852847499994823,2.4252967500015075,127,5,64,4,64,4,64,4,127,5,127,5,64,4,254,12,127,5,127,5,254,12,1399,65
basic,Off,Off,Off,9,5.375000000640284e-05,15.207160333000502,127,127,64,6,1013,54,1013,6,254,6,2026,7,507,6,254,12,2026,7,127,5,254,12,7665,248
compressed,On,Off,Off,9,0.001766249999491265,15.268361000000368,127,127,64,6,64,4,64,4,127,5,127,5,64,4,254,12,127,5,127,5,254,12,1399,189
zone map,Off,On,Off,9,0.14320991699969454,9.205023374999655,127,11,64,5,1013,54,1013,6,254,6,2026,7,507,6,254,12,2026,7,127,5,254,12,7665,131
indexed,Off,Off,"(year, month, town)",9,0.1315254580003966,2.408090417000494,127,5,64,4,1013,6,1013,6,254,6,2026,7,507,6,254,12,2026,7,127,5,254,12,7665,76
"indexed, zone map, compressed",On,On,"(year, month, town)",9,0.1817890840011387,2.4364782909997302,127,5,64,4,64,4,64,4,127,5,127,5,64,4,254,12,127,5,127,5,254,12,1399,65
basic,Off,Off,Off,10,4.479099879972637e-05,15.18179658400004,127,127,64,6,1013,54,1013,6,254,6,2026,7,507,6,254,12,2026,7,127,5,254,12,7665,248
compressed,On,Off,Off,10,0.0017766670007404173,15.274449500000628,127,127,64,6,64,4,64,4,127,5,127,5,64,4,254,12,127,5,127,5,254,12,1399,189
zone map,Off,On,Off,10,0.141836124999827,9.191383958999722,127,11,64,5,1013,54,1013,6,254,6,2026,7,507,6,254,12,2026,7,127,5,254,12,7665,131
indexed,Off,Off,"(year, month, town)",10,0.13135191600122198,2.393567291999716,127,5,64,4,1013,6,1013,6,254,6,2026,7,507,6,254,12,2026,7,127,5,254,12,7665,76
"indexed, zone map, compressed",On,On,"(year, month, town)",10,0.18454791700060014,2.4132037079998554,127,5,64,4,64,4,64,4,127,5,127,5,64,4,254,12,127,5,127,5,254,12,1399,65
basic,Off,Off,Off,11,4.916699981549755e-05,15.197339457999988,127,127,64,6,1013,54,1013,6,254,6,2026,7,507,6,254,12,2026,7,127,5,254,12,7665,248
compressed,On,Off,Off,11,0.0018809169996529818,15.263269749999381,127,127,64,6,64,4,64,4,127,5,127,5,64,4,254,12,127,5,127,5,254,12,1399,189
zone map,Off,On,Off,11,0.14227037499949802,9.246254083000167,127,11,64,5,1013,54,1013,6,254,6,2026,7,507,6,254,12,2026,7,127,5,254,12,7665,131
indexed,Off,Off,"(year, month, town)",11,0.13111558299897297,2.398233625001012,127,5,64,4,1013,6,1013,6,254,6,2026,7,507,6,254,12,2026,7,127,5,254,12,7665,76
"indexed, zone map, compressed",On,On,"(year, month, town)",11,0.18206737500076997,2.4085256249982194,127,5,64,4,64,4,64,4,127,5,127,5,64,4,254,12,127,5,127,5,254,12,1399,65
basic,Off,Off,Off,12,4.591699871525634e-05,15.241489083999113,127,127,64,6,1013,54,1013,6,254,6,2026,7,507,6,254,12,2026,7,127,5,254,12,7665,248
compressed,On,Off,Off,12,0.0017630420006753411,15.267843832998551,127,127,64,6,64,4,64,4,127,5,127,5,64,4,254,12,127,5,127,5,254,12,1399,189
zone map,Off,On,Off,12,0.14313899999979185,9.202768999999535,127,11,64,5,1013,54,1013,6,254,6,2026,7,507,6,254,12,2026,7,127,5,254,12,7665,131
indexed,Off,Off,"(year, month, town)",12,0.13172629200016672,2.392445208000936,127,5,64,4,1013,6,1013,6,254,6,2026,7,507,6,254,12,2026,7,127,5,254,12,7665,76
"indexed, zone map, compressed",On,On,"(year, month, town)",12,0.18493183300051896,2.4094126250001864,127,5,64,4,64,4,64,4,127,5,127,5,64,4,254,12,127,5,127,5,254,12,1399,65
basic,Off,Off,Off,13,4.850000004807953e-05,15.216748750000988,127,127,64,6,1013,54,1013,6,254,6,2026,7,507,6,254,12,2026,7,127,5,254,12,7665,248
compressed,On,Off,Off,13,0.0017591670002730098,15.263587583000117,127,127,64,6,64,4,64,4,127,5,127,5,64,4,254,12,127,5,127,5,254,12,1399,189
zone map,Off,On,Off,13,0.14249987499897543,9.202281542000492,127,11,64,5,1013,54,1013,6,254,6,2026,7,507,6,254,12,2026,7,127,5,254,12,7665,131
indexed,Off,Off,"(year, month, town)",13,0.13200041699928988,2.3836894579999353,127,5,64,4,1013,6,1013,6,254,6,2026,7,507,6,254,12,2026,7,127,5,254,12,7665,76
"indexed, zone map, compressed",On,On,"(year, month, town)",13,0.18158979199870373,2.4129346249992523,127,5,64,4,64,4,64,4,127,5,127,5,64,4,254,12,127,5,127,5,254,12,1399,65
basic,Off,Off,Off,14,4.8333000449929386e-05,15.230004334000114,127,127,64,6,1013,54,1013,6,254,6,2026,7,507,6,254,12,2026,7,127,5,254,12,7665,248
compressed,On,Off,Off,14,0.001810750000004191,15.36495479199948,127,127,64,6,64,4,64,4,127,5,127,5,64,4,254,12,127,5,127,5,254,12,1399,189
zone map,Off,On,Off,14,0.14135395900120784,9.207892625001477,127,11,64,5,1013,54,1013,6,254,6,2026,7,507,6,254,12,2026,7,127,5,254,12,7665,131
indexed,Off,Off,"(year, month, town)",14,0.13309420800032967,2.3939420000006066,127,5,64,4,1013,6,1013,6,254,6,2026,7,507,6,254,12,2026,7,127,5,254,12,7665,76
"indexed, zone map, compressed",On,On,"(year, month, town)",14,0.18780012499883014,2.422042041000168,127,5,64,4,64,4,64,4,127,5,127,5,64,4,254,12,127,5,127,5,254,12,1399,65
basic,Off,Off,Off,15,4.79159989481559e-05,15.218351666999297,127,127,64,6,1013,54,1013,6,254,6,2026,7,507,6,254,12,2026,7,127,5,254,12,7665,248
compressed,On,Off,Off,15,0.0017916670003614854,15.257819582999218,127,127,64,6,64,4,64,4,127,5,127,5,64,4,254,12,127,5,127,5,254,12,1399,189
zone map,Off,On,Off,15,0.1424395829999412,9.19646129099965,127,11,64,5,1013,54,1013,6,254,6,2026,7,507,6,254,12,2026,7,127,5,254,12,7665,131
indexed,Off,Off,"(year, month, town)",15,0.1295745840016025,2.3960855419991276,127,5,64,4,1013,6,1013,6,254,6,2026,7,507,6,254,12,2026,7,127,5,254,12,7665,76
"indexed, zone map, compressed",On,On,"(year, month, town)",15,0.18552316699970106,2.4241044580012385,127,5,64,4,64,4,64,4,127,5,127,5,64,4,254,12,127,5,127,5,254,12,1399,65
basic,Off,Off,Off,16,5.762499858974479e-05,15.2022338329989,127,127,64,6,1013,54,1013,6,254,6,2026,7,507,6,254,12,2026,7,127,5,254,12,7665,248
compressed,On,Off,Off,16,0.001779709000402363,15.304545042001337,127,127,64,6,64,4,64,4,127,5,127,5,64,4,254,12,127,5,127,5,254,12,1399,189
zone map,Off,On,Off,16,0.14285195900083636,9.230208000000857,127,11,64,5,1013,54,1013,6,254,6,2026,7,507,6,254,12,2026,7,127,5,254,12,7665,131
indexed,Off,Off,"(year, month, town)",16,0.133232541000325,2.395074416999705,127,5,64,4,1013,6,1013,6,254,6,2026,7,507,6,254,12,2026,7,127,5,254,12,7665,76
"indexed, zone map, compressed",On,On,"(year, month, town)",16,0.18597783299992443,2.431265582999913,127,5,64,4,64,4,64,4,127,5,127,5,64,4,254,12,127,5,127,5,254,12,1399,65
basic,Off,Off,Off,17,4.837500091525726e-05,15.189428458001203,127,127,64,6,1013,54,1013,6,254,6,2026,7,507,6,254,12,2026,7,127,5,254,12,7665,248
compressed,On,Off,Off,17,0.0017791659993235953,15.275905790998877,127,127,64,6,64,4,64,4,127,5,127,5,64,4,254,12,127,5,127,5,254,12,1399,189
zone map,Off,On,Off,17,0.14319587499994668,9.21495912499995,127,11,64,5,1013,54,1013,6,254,6,2026,7,507,6,254,12,2026,7,127,5,254,12,7665,131
indexed,Off,Off,"(year, month, town)",17,0.13259812499927648,2.399920750000092,127,5,64,4,1013,6,1013,6,254,6,2026,7,507,6,254,12,2026,7,127,5,254,12,7665,76
"indexed, zone map, compressed",On,On,"(year, month, town)",17,0.185371125000529,2.4171764589991653,127,5,64,4,64,4,64,4,127,5,127,5,64,4,254,12,127,5,127,5,254,12,1399,65
basic,Off,Off,Off,18,4.624999928637408e-05,15.20193287499933,127,127,64,6,1013,54,1013,6,254,6,2026,7,507,6,254,12,2026,7,127,5,254,12,7665,248
compressed,On,Off,Off,18,0.0018157079994125525,15.286289583000325,127,127,64,6,64,4,64,4,127,5,127,5,64,4,254,12,127,5,127,5,254,12,1399,189
zone map,Off,On,Off,18,0.14324566700088326,9.223498332999952,127,11,64,5,1013,54,1013,6,254,6,2026,7,507,6,254,12,2026,7,127,5,254,12,7665,131
indexed,Off,Off,"(year, month, town)",18,0.13352208399919618,2.398194875000627,127,5,64,4,1013,6,1013,6,254,6,2026,7,507,6,254,12,2026,7,127,5,254,12,7665,76
"indexed, zone map, compressed",On,On,"(year, month, town)",18,0.18488799999977346,2.425599083999259,127,5,64,4,64,4,64,4,127,5,127,5,64,4,254,12,127,5,127,5,254,12,1399,65
basic,Off,Off,Off,19,4.5500000851461664e-05,15.188897791000272,127,127,64,6,1013,54,1013,6,254,6,2026,7,507,6,254,12,2026,7,127,5,254,12,7665,248
compressed,On,Off,Off,19,0.0018241249999846332,15.276723332999609,127,127,64,6,64,4,64,4,127,5,127,5,64,4,254,12,127,5,127,5,254,12,1399,189
zone map,Off,On,Off,19,0.14233404199876531,9.223523542001203,127,11,64,5,1013,54,1013,6,254,6,2026,7,507,6,254,12,2026,7,127,5,254,12,7665,131
indexed,Off,Off,"(year, month, town)",19,0.13158799999837356,2.4016258329993434,127,5,64,4,1013,6,1013,6,254,6,2026,7,507,6,254,12,2026,7,127,5,254,12,7665,76
"indexed, zone map, compressed",On,On,"(year, month, town)",19,0.18482495799980825,2.4257485829984944,127,5,64,4,64,4,64,4,127,5,127,5,64,4,254,12,127,5,127,5,254,12,1399,65
basic,Off,Off,Off,20,4.958299905410968e-05,15.218159542000649,127,127,64,6,1013,54,1013,6,254,6,2026,7,507,6,254,12,2026,7,127,5,254,12,7665,248
compressed,On,Off,Off,20,0.001817041000322206,15.26347829200131,127,127,64,6,64,4,64,4,127,5,127,5,64,4,254,12,127,5,127,5,254,12,1399,189
zone map,Off,On,Off,20,0.14178291600001103,9.249089541999638,127,11,64,5,1013,54,1013,6,254,6,2026,7,507,6,254,12,2026,7,127,5,254,12,7665,131
indexed,Off,Off,"(year, month, town)",20,0.13107695800135843,2.3935675000011543,127,5,64,4,1013,6,1013,6,254,6,2026,7,507,6,254,12,2026,7,127,5,254,12,7665,76
"indexed, zone map, compressed",On,On,"(year, month, town)",20,0.18131187499966472,2.4237677500004793,127,5,64,4,64,4,64,4,127,5,127,5,64,4,254,12,127,5,127,5,254,12,1399,65
basic,Off,Off,Off,21,5.054199937148951e-05,15.200074292000863,127,127,64,6,1013,54,1013,6,254,6,2026,7,507,6,254,12,2026,7,127,5,254,12,7665,248
compressed,On,Off,Off,21,0.0017645420011831447,15.259403124999153,127,127,64,6,64,4,64,4,127,5,127,5,64,4,254,12,127,5,127,5,254,12,1399,189
zone map,Off,On,Off,21,0.1427790420002566,9.24558645900106,127,11,64,5,1013,54,1013,6,254,6,2026,7,507,6,254,12,2026,7,127,5,254,12,7665,131
indexed,Off,Off,"(year, month, town)",21,0.13129241699971317,2.412244916999043,127,5,64,4,1013,6,1013,6,254,6,2026,7,507,6,254,12,2026,7,127,5,254,12,7665,76
"indexed, zone map, compressed",On,On,"(year, month, town)",21,0.18211312499988708,2.426298124999448,127,5,64,4,64,4,64,4,127,5,127,5,64,4,254,12,127,5,127,5,254,12,1399,65
basic,Off,Off,Off,22,4.787499892699998e-05,15.210341542000606,127,127,64,6,1013,54,1013,6,254,6,2026,7,507,6,254,12,2026,7,127,5,254,12,7665,248
compressed,On,Off,Off,22,0.00175495900111855,15.25101929199991,127,127,64,6,64,4,64,4,127,5,127,5,64,4,254,12,127,5,127,5,254,12,1399,189
zone map,Off,On,Off,22,0.14339449999897624,9.22509008399902,127,11,64,5,1013,54,1013,6,254,6,2026,7,507,6,254,12,2026,7,127,5,254,12,7665,131
indexed,Off,Off,"(year, month, town)",22,0.13157008300004236,2.3935268330005783,127,5,64,4,1013,6,1013,6,254,6,2026,7,507,6,254,12,2026,7,127,5,254,12,7665,76
"indexed, zone map, compressed",On,On,"(year, month, town)",22,0.1835393329984072,2.4187650839994603,127,5,64,4,64,4,64,4,127,5,127,5,64,4,254,12,127,5,127,5,254,12,1399,65
basic,Off,Off,Off,23,4.8166000851779245e-05,15.226219209000192,127,127,64,6,1013,54,1013,6,254,6,2026,7,507,6,254,12,2026,7,127,5,254,12,7665,248
compressed,On,Off,Off,23,0.0018115000002580928,15.283307749999949,127,127,64,6,64,4,64,4,127,5,127,5,64,4,254,12,127,5,127,5,254,12,1399,189
zone map,Off,On,Off,23,0.14196529199944052,9.250222499998927,127,11,64,5,1013,54,1013,6,254,6,2026,7,507,6,254,12,2026,7,127,5,254,12,7665,131
indexed,Off,Off,"(year, month, town)",23,0.13048929199976556,2.4151225829991745,127,5,64,4,1013,6,1013,6,254,6,2026,7,507,6,254,12,2026,7,127,5,254,12,7665,76
"indexed, zone map, compressed",On,On,"(year, month, town)",23,0.18980829199972504,2.4336072919995786,127,5,64,4,64,4,64,4,127,5,127,5,64,4,254,12,127,5,127,5,254,12,1399,65
basic,Off,Off,Off,24,4.724999962490983e-05,15.241669041000932,127,127,64,6,1013,54,1013,6,254,6,2026,7,507,6,254,12,2026,7,127,5,254,12,7665,248
compressed,On,Off,Off,24,0.0017919580004672753,15.29358366699853,127,127,64,6,64,4,64,4,127,5,127,5,64,4,254,12,127,5,127,5,254,12,1399,189
zone map,Off,On,Off,24,0.14311779099989508,9.247564916999181,127,11,64,5,1013,54,1013,6,254,6,2026,7,507,6,254,12,2026,7,127,5,254,12,7665,131
indexed,Off,Off,"(year, month, town)",24,0.1320504159994016,2.3961404579986265,127,5,64,4,1013,6,1013,6,254,6,2026,7,507,6,254,12,2026,7,127,5,254,12,7665,76
"indexed, zone map, compressed",On,On,"(year, month, town)",24,0.17996245799986355,2.419082750000598,127,5,64,4,64,4,64,4,127,5,127,5,64,4,254,12,127,5,127,5,254,12,1399,65
basic,Off,Off,Off,25,4.904100023850333e-05,15.226770666000448,127,127,64,6,1013,54,1013,6,254,6,2026,7,507,6,254,12,2026,7,127,5,254,12,7665,248
compressed,On,Off,Off,25,0.0018421250006213086,15.275013582999236,127,127,64,6,64,4,64,4,127,5,127,5,64,4,254,12,127,5,127,5,254,12,1399,189
zone map,Off,On,Off,25,0.14286058399920876,9.248891999999614,127,11,64,5,1013,54,1013,6,254,6,2026,7,507,6,254,12,2026,7,127,5,254,12,7665,131
indexed,Off,Off,"(year, month, town)",25,0.13112925000132236,2.4128481250008917,127,5,64,4,1013,6,1013,6,254,6,2026,7,507,6,254,12,2026,7,127,5,254,12,7665,76
"indexed, zone map, compressed",On,On,"(year, month, town)",25,0.1874557499995717,2.4348279169989837,127,5,64,4,64,4,64,4,127,5,127,5,64,4,254,12,127,5,127,5,254,12,1399,65
basic,Off,Off,Off,26,4.8167001295951195e-05,15.229460000000472,127,127,64,6,1013,54,1013,6,254,6,2026,7,507,6,254,12,2026,7,127,5,254,12,7665,248
compressed,On,Off,Off,26,0.0018802499998855637,15.289440292001018,127,127,64,6,64,4,64,4,127,5,127,5,64,4,254,12,127,5,127,5,254,12,1399,189
zone map,Off,On,Off,26,0.14248983299876272,9.25479599999926,127,11,64,5,1013,54,1013,6,254,6,2026,7,507,6,254,12,2026,7,127,5,254,12,7665,131
indexed,Off,Off,"(year, month, town)",26,0.13216683300015575,2.3936176669994893,127,5,64,4,1013,6,1013,6,254,6,2026,7,507,6,254,12,2026,7,127,5,254,12,7665,76
"indexed, zone map, compressed",On,On,"(year, month, town)",26,0.18531395900026837,2.423347208999985,127,5,64,4,64,4,64,4,127,5,127,5,64,4,254,12,127,5,127,5,254,12,1399,65
basic,Off,Off,Off,27,4.7833998905844055e-05,15.222902833000262,127,127,64,6,1013,54,1013,6,254,6,2026,7,507,6,254,12,2026,7,127,5,254,12,7665,248
compressed,On,Off,Off,27,0.0017674579994491069,15.288502459001393,127,127,64,6,64,4,64,4,127,5,127,5,64,4,254,12,127,5,127,5,254,12,1399,189
zone map,Off,On,Off,27,0.14186216699999932,9.244005333999667,127,11,64,5,1013,54,1013,6,254,6,2026,7,507,6,254,12,2026,7,127,5,254,12,7665,131
indexed,Off,Off,"(year, month, town)",27,0.13150954199954867,2.4024647919995914,127,5,64,4,1013,6,1013,6,254,6,2026,7,507,6,254,12,2026,7,127,5,254,12,7665,76
"indexed, zone map, compressed",On,On,"(year, month, town)",27,0.1879196249992674,2.4239672080002492,127,5,64,4,64,4,64,4,127,5,127,5,64,4,254,12,127,5,127,5,254,12,1399,65
basic,Off,Off,Off,28,5.004199920222163e-05,15.239986541999315,127,127,64,6,1013,54,1013,6,254,6,2026,7,507,6,254,12,2026,7,127,5,254,12,7665,248
compressed,On,Off,Off,28,0.0017994169993471587,15.322108250000383,127,127,64,6,64,4,64,4,127,5,127,5,64,4,254,12,127,5,127,5,254,12,1399,189
zone map,Off,On,Off,28,0.14172125000004598,9.366055832999336,127,11,64,5,1013,54,1013,6,254,6,2026,7,507,6,254,12,2026,7,127,5,254,12,7665,131
indexed,Off,Off,"(year, month, town)",28,0.1310320419997879,2.4221249999991414,127,5,64,4,1013,6,1013,6,254,6,2026,7,507,6,254,12,2026,7,127,5,254,12,7665,76
"indexed, zone map, compressed",On,On,"(year, month, town)",28,0.18858704099875467,2.4625382499998523,127,5,64,4,64,4,64,4,127,5,127,5,64,4,254,12,127,5,127,5,254,12,1399,65
basic,Off,Off,Off,29,6.512499930977356e-05,15.410152917000232,127,127,64,6,1013,54,1013,6,254,6,2026,7,507,6,254,12,2026,7,127,5,254,12,7665,248
compressed,On,Off,Off,29,0.0018594159992062487,15.426147500000297,127,127,64,6,64,4,64,4,127,5,127,5,64,4,254,12,127,5,127,5,254,12,1399,189
zone map,Off,On,Off,29,0.14210904100036714,9.250693500000125,127,11,64,5,1013,54,1013,6,254,6,2026,7,507,6,254,12,2026,7,127,5,254,12,7665,131
indexed,Off,Off,"(year, month, town)",29,0.13083704100063187,2.4022573749989533,127,5,64,4,1013,6,1013,6,254,6,2026,7,507,6,254,12,2026,7,127,5,254,12,7665,76
"indexed, zone map, compressed",On,On,"(year, month, town)",29,0.18699587499941117,2.4232037080000737,127,5,64,4,64,4,64,4,127,5,127,5,64,4,254,12,127,5,127,5,254,12,1399,65
basic,Off,Off,Off,30,4.850000004807953e-05,15.230358124999839,127,127,64,6,1013,54,1013,6,254,6,2026,7,507,6,254,12,2026,7,127,5,254,12,7665,248
compressed,On,Off,Off,30,0.0018076249998557614,15.300209167000503,127,127,64,6,64,4,64,4,127,5,127,5,64,4,254,12,127,5,127,5,254,12,1399,189
zone map,Off,On,Off,30,0.1423899169985816,9.241680000000997,127,11,64,5,1013,54,1013,6,254,6,2026,7,507,6,254,12,2026,7,127,5,254,12,7665,131
indexed,Off,Off,"(year, month, town)",30,0.13278520799940452,2.39291429199875,127,5,64,4,1013,6,1013,6,254,6,2026,7,507,6,254,12,2026,7,127,5,254,12,7665,76
"indexed, zone map, compressed",On,On,"(year, month, town)",30,0.1857136670005275,2.4253450830001384,127,5,64,4,64,4,64,4,127,5,127,5,64,4,254,12,127,5,127,5,254,12,1399,65
basic,Off,Off,Off,31,5.0041000577039085e-05,15.211834083000213,127,127,64,6,1013,54,1013,6,254,6,2026,7,507,6,254,12,2026,7,127,5,254,12,7665,248
compressed,On,Off,Off,31,0.0018952919999719597,15.303179124999588,127,127,64,6,64,4,64,4,127,5,127,5,64,4,254,12,127,5,127,5,254,12,1399,189
zone map,Off,On,Off,31,0.14172979099930672,9.253991999999926,127,11,64,5,1013,54,1013,6,254,6,2026,7,507,6,254,12,2026,7,127,5,254,12,7665,131
indexed,Off,Off,"(year, month, town)",31,0.1328334999998333,2.390775375000885,127,5,64,4,1013,6,1013,6,254,6,2026,7,507,6,254,12,2026,7,127,5,254,12,7665,76
"indexed, zone map, compressed",On,On,"(year, month, town)",31,0.18461395899976196,2.427906625000105,127,5,64,4,64,4,64,4,127,5,127,5,64,4,254,12,127,5,127,5,254,12,1399,65
basic,Off,Off,Off,32,4.616699879989028e-05,15.219303165999008,127,127,64,6,1013,54,1013,6,254,6,2026,7,507,6,254,12,2026,7,127,5,254,12,7665,248
compressed,On,Off,Off,32,0.0017762500010576332,15.288960333000432,127,127,64,6,64,4,64,4,127,5,127,5,64,4,254,12,127,5,127,5,254,12,1399,189
zone map,Off,On,Off,32,0.14289650000137044,9.23455445900072,127,11,64,5,1013,54,1013,6,254,6,2026,7,507,6,254,12,2026,7,127,5,254,12,7665,131
indexed,Off,Off,"(year, month, town)",32,0.1323192920008296,2.3971467920000578,127,5,64,4,1013,6,1013,6,254,6,2026,7,507,6,254,12,2026,7,127,5,254,12,7665,76
"indexed, zone map, compressed",On,On,"(year, month, town)",32,0.1887669170009758,2.426146667001376,127,5,64,4,64,4,64,4,127,5,127,5,64,4,254,12,127,5,127,5,254,12,1399,65
basic,Off,Off,Off,33,5.129100100020878e-05,15.218813666999267,127,127,64,6,1013,54,1013,6,254,6,2026,7,507,6,254,12,2026,7,127,5,254,12,7665,248
compressed,On,Off,Off,33,0.0018073339997499716,15.29935841599945,127,127,64,6,64,4,64,4,127,5,127,5,64,4,254,12,127,5,127,5,254,12,1399,189
zone map,Off,On,Off,33,0.14268283400087967,9.23394216700035,127,11,64,5,1013,54,1013,6,254,6,2026,7,507,6,254,12,2026,7,127,5,254,12,7665,131
indexed,Off,Off,"(year, month, town)",33,0.1303761660001328,2.4082688329999655,127,5,64,4,1013,6,1013,6,254,6,2026,7,507,6,254,12,2026,7,127,5,254,12,7665,76
"indexed, zone map, compressed",On,On,"(year, month, town)",33,0.18078008300108195,2.4468158330000733,127,5,64,4,64,4,64,4,127,5,127,5,64,4,254,12,127,5,127,5,254,12,1399,65
basic,Off,Off,Off,34,4.6499999371008016e-05,15.224679458000537,127,127,64,6,1013,54,1013,6,254,6,2026,7,507,6,254,12,2026,7,127,5,254,12,7665,248
compressed,On,Off,Off,34,0.001795457999833161,15.26841683299972,127,127,64,6,64,4,64,4,127,5,127,5,64,4,254,12,127,5,127,5,254,12,1399,189
zone map,Off,On,Off,34,0.14226745900123206,9.242073417000938,127,11,64,5,1013,54,1013,6,254,6,2026,7,507,6,254,12,2026,7,127,5,254,12,7665,131
indexed,Off,Off,"(year, month, town)",34,0.13023312500081374,2.3999807910004165,127,5,64,4,1013,6,1013,6,254,6,2026,7,507,6,254,12,2026,7,127,5,254,12,7665,76
"indexed, zone map, compressed",On,On,"(year, month, town)",34,0.18501979200118512,2.4434089999995194,127,5,64,4,64,4,64,4,127,5,127,5,64,4,254,12,127,5,127,5,254,12,1399,65
basic,Off,Off,Off,35,4.7958999857655726e-05,15.245193832999576,127,127,64,6,1013,54,1013,6,254,6,2026,7,507,6,254,12,2026,7,127,5,254,12,7665,248
compressed,On,Off,Off,35,0.0017857499988167547,15.292381166998894,127,127,64,6,64,4,64,4,127,5,127,5,64,4,254,12,127,5,127,5,254,12,1399,189
zone map,Off,On,Off,35,0.14239199999974517,9.23718800000097,127,11,64,5,1013,54,1013,6,254,6,2026,7,507,6,254,12,2026,7,127,5,254,12,7665,131
indexed,Off,Off,"(year, month, town)",35,0.13054250000095635,2.402043916999901,127,5,64,4,1013,6,1013,6,254,6,2026,7,507,6,254,12,2026,7,127,5,254,12,7665,76
"indexed, zone map, compressed",On,On,"(year, month, town)",35,0.18542458299998543,2.428818041998966,127,5,64,4,64,4,64,4,127,5,127,5,64,4,254,12,127,5,127,5,254,12,1399,65
basic,Off,Off,Off,36,4.52090007456718e-05,15.214131208000254,127,127,64,6,1013,54,1013,6,254,6,2026,7,507,6,254,12,2026,7,127,5,254,12,7665,248
compressed,On,Off,Off,36,0.0018224580016976688,15.274622541001008,127,127,64,6,64,4,64,4,127,5,127,5,64,4,254,12,127,5,127,5,254,12,1399,189
zone map,Off,On,Off,36,0.1415182079999795,9.240691334000076,127,11,64,5,1013,54,1013,6,254,6,2026,7,507,6,254,12,2026,7,127,5,254,12,7665,131
indexed,Off,Off,"(year, month, town)",36,0.1305895830009831,2.3907471660004376,127,5,64,4,1013,6,1013,6,254,6,2026,7,507,6,254,12,2026,7,127,5,254,12,7665,76
"indexed, zone map, compressed",On,On,"(year, month, town)",36,0.17925745799948345,2.43840445800015,127,5,64,4,64,4,64,4,127,5,127,5,64,4,254,12,127,5,127,5,254,12,1399,65
basic,Off,Off,Off,37,4.904200068267528e-05,15.23061645800044,127,127,64,6,1013,54,1013,6,254,6,2026,7,507,6,254,12,2026,7,127,5,254,12,7665,248
compressed,On,Off,Off,37,0.0017976670005737105,15.26375787500001,127,127,64,6,64,4,64,4,127,5,127,5,64,4,254,12,127,5,127,5,254,12,1399,189
zone map,Off,On,Off,37,0.14249183300125878,9.224556334000226,127,11,64,5,1013,54,1013,6,254,6,2026,7,507,6,254,12,2026,7,127,5,254,12,7665,131
indexed,Off,Off,"(year, month, town)",37,0.13137312500111875,2.401838959000088,127,5,64,4,1013,6,1013,6,254,6,2026,7,507,6,254,12,2026,7,127,5,254,12,7665,76
"indexed, zone map, compressed",On,On,"(year, month, town)",37,0.18217716700019082,2.4369866249999177,127,5,64,4,64,4,64,4,127,5,127,5,64,4,254,12,127,5,127,5,254,12,1399,65
basic,Off,Off,Off,38,5.35830004082527e-05,15.242980250000983,127,127,64,6,1013,54,1013,6,254,6,2026,7,507,6,254,12,2026,7,127,5,254,12,7665,248
compressed,On,Off,Off,38,0.0017840000000433065,15.294102583000495,127,127,64,6,64,4,64,4,127,5,127,5,64,4,254,12,127,5,127,5,254,12,1399,189
zone map,Off,On,Off,38,0.14340329199876578,9.248866207999527,127,11,64,5,1013,54,1013,6,254,6,2026,7,507,6,254,12,2026,7,127,5,254,12,7665,131
indexed,Off,Off,"(year, month, town)",38,0.13093887499962875,2.3994953330002318,127,5,64,4,1013,6,1013,6,254,6,2026,7,507,6,254,12,2026,7,127,5,254,12,7665,76
"indexed, zone map, compressed",On,On,"(year, month, town)",38,0.18071833300018625,2.434407791999547,127,5,64,4,64,4,64,4,127,5,127,5,64,4,254,12,127,5,127,5,254,12,1399,65
basic,Off,Off,Off,39,4.724999962490983e-05,15.220604084001025,127,127,64,6,1013,54,1013,6,254,6,2026,7,507,6,254,12,2026,7,127,5,254,12,7665,248
compressed,On,Off,Off,39,0.0018303750002814922,15.292544040999928,127,127,64,6,64,4,64,4,127,5,127,5,64,4,254,12,127,5,127,5,254,12,1399,189
zone map,Off,On,Off,39,0.14284720800060313,9.23237862499991,127,11,64,5,1013,54,1013,6,254,6,2026,7,507,6,254,12,2026,7,127,5,254,12,7665,131
indexed,Off,Off,"(year, month, town)",39,0.13059508299920708,2.389834999999948,127,5,64,4,1013,6,1013,6,254,6,2026,7,507,6,254,12,2026,7,127,5,254,12,7665,76
"indexed, zone map, compressed",On,On,"(year, month, town)",39,0.182400666999456,2.414255833000425,127,5,64,4,64,4,64,4,127,5,127,5,64,4,254,12,127,5,127,5,254,12,1399,65
basic,Off,Off,Off,40,4.641600025934167e-05,15.199601833000997,127,127,64,6,1013,54,1013,6,254,6,2026,7,507,6,254,12,2026,7,127,5,254,12,7665,248
compressed,On,Off,Off,40,0.0018210840007668594,15.290520458000174,127,127,64,6,64,4,64,4,127,5,127,5,64,4,254,12,127,5,127,5,254,12,1399,189
zone map,Off,On,Off,40,0.14269133300149406,9.235752541999318,127,11,64,5,1013,54,1013,6,254,6,2026,7,507,6,254,12,2026,7,127,5,254,12,7665,131
indexed,Off,Off,"(year, month, town)",40,0.13014045799900487,2.395622000000003,127,5,64,4,1013,6,1013,6,254,6,2026,7,507,6,254,12,2026,7,127,5,254,12,7665,76
"indexed, zone map, compressed",On,On,"(year, month, town)",40,0.18296620900036942,2.4321791249985836,127,5,64,4,64,4,64,4,127,5,127,5,64,4,254,12,127,5,127,5,254,12,1399,65
basic,Off,Off,Off,41,4.537499989964999e-05,15.21548758300014,127,127,64,6,1013,54,1013,6,254,6,2026,7,507,6,254,12,2026,7,127,5,254,12,7665,248
compressed,On,Off,Off,41,0.0018782500010274816,15.275602833000448,127,127,64,6,64,4,64,4,127,5,127,5,64,4,254,12,127,5,127,5,254,12,1399,189
zone map,Off,On,Off,41,0.1426115000012942,9.242504415999065,127,11,64,5,1013,54,1013,6,254,6,2026,7,507,6,254,12,2026,7,127,5,254,12,7665,131
indexed,Off,Off,"(year, month, town)",41,0.13033062500107917,2.404490041999452,127,5,64,4,1013,6,1013,6,254,6,2026,7,507,6,254,12,2026,7,127,5,254,12,7665,76
"indexed, zone map, compressed",On,On,"(year, month, town)",41,0.1838114170004701,2.4346149580014753,127,5,64,4,64,4,64,4,127,5,127,5,64,4,254,12,127,5,127,5,254,12,1399,65
basic,Off,Off,Off,42,4.816599903278984e-05,15.24290191700129,127,127,64,6,1013,54,1013,6,254,6,2026,7,507,6,254,12,2026,7,127,5,254,12,7665,248
compressed,On,Off,Off,42,0.0018879590006690705,15.303977332998329,127,127,64,6,64,4,64,4,127,5,127,5,64,4,254,12,127,5,127,5,254,12,1399,189
zone map,Off,On,Off,42,0.14215533400056302,9.253243957999075,127,11,64,5,1013,54,1013,6,254,6,2026,7,507,6,254,12,2026,7,127,5,254,12,7665,131
indexed,Off,Off,"(year, month, town)",42,0.12935770900003263,2.4021712920002756,127,5,64,4,1013,6,1013,6,254,6,2026,7,507,6,254,12,2026,7,127,5,254,12,7665,76
"indexed, zone map, compressed",On,On,"(year, month, town)",42,0.17927395799961232,2.4335379589992954,127,5,64,4,64,4,64,4,127,5,127,5,64,4,254,12,127,5,127,5,254,12,1399,65
basic,Off,Off,Off,43,5.050000072515104e-05,15.236066207999102,127,127,64,6,1013,54,1013,6,254,6,2026,7,507,6,254,12,2026,7,127,5,254,12,7665,248
compressed,On,Off,Off,43,0.0017717499995342223,15.285520292000001,127,127,64,6,64,4,64,4,127,5,127,5,64,4,254,12,127,5,127,5,254,12,1399,189
zone map,Off,On,Off,43,0.1426715410016186,9.242277125000328,127,11,64,5,1013,54,1013,6,254,6,2026,7,507,6,254,12,2026,7,127,5,254,12,7665,131
indexed,Off,Off,"(year, month, town)",43,0.13006325000060315,2.4003995420007413,127,5,64,4,1013,6,1013,6,254,6,2026,7,507,6,254,12,2026,7,127,5,254,12,7665,76
"indexed, zone map, compressed",On,On,"(year, month, town)",43,0.18114808300015284,2.442535083999246,127,5,64,4,64,4,64,4,127,5,127,5,64,4,254,12,127,5,127,5,254,12,1399,65
basic,Off,Off,Off,44,4.712499867309816e-05,15.223330374999932,127,127,64,6,1013,54,1013,6,254,6,2026,7,507,6,254,12,2026,7,127,5,254,12,7665,248
compressed,On,Off,Off,44,0.0018591669995657867,15.291533040999639,127,127,64,6,64,4,64,4,127,5,127,5,64,4,254,12,127,5,127,5,254,12,1399,189
zone map,Off,On,Off,44,0.14297691699903226,9.29755508299968,127,11,64,5,1013,54,1013,6,254,6,2026,7,507,6,254,12,2026,7,127,5,254,12,7665,131
indexed,Off,Off,"(year, month, town)",44,0.1308426249997865,2.399407583001448,127,5,64,4,1013,6,1013,6,254,6,2026,7,507,6,254,12,2026,7,127,5,254,12,7665,76
"indexed, zone map, compressed",On,On,"(year, month, town)",44,0.18343208400074218,2.423429708000185,127,5,64,4,64,4,64,4,127,5,127,5,64,4,254,12,127,5,127,5,254,12,1399,65
basic,Off,Off,Off,45,4.8874999265535735e-05,15.238693374998547,127,127,64,6,1013,54,1013,6,254,6,2026,7,507,6,254,12,2026,7,127,5,254,12,7665,248
compressed,On,Off,Off,45,0.001751916999637615,15.289956958000403,127,127,64,6,64,4,64,4,127,5,127,5,64,4,254,12,127,5,127,5,254,12,1399,189
zone map,Off,On,Off,45,0.14317850000043109,9.23974412500138,127,11,64,5,1013,54,1013,6,254,6,2026,7,507,6,254,12,2026,7,127,5,254,12,7665,131
indexed,Off,Off,"(year, month, town)",45,0.1329305409999506,2.410149499999534,127,5,64,4,1013,6,1013,6,254,6,2026,7,507,6,254,12,2026,7,127,5,254,12,7665,76
"indexed, zone map, compressed",On,On,"(year, month, town)",45,0.1857632500014006,2.4348135420004837,127,5,64,4,64,4,64,4,127,5,127,5,64,4,254,12,127,5,127,5,254,12,1399,65
basic,Off,Off,Off,46,4.8334000894101337e-05,15.270670709000115,127,127,64,6,1013,54,1013,6,254,6,2026,7,507,6,254,12,2026,7,127,5,254,12,7665,248
compressed,On,Off,Off,46,0.001819249999243766,15.316359459000523,127,127,64,6,64,4,64,4,127,5,127,5,64,4,254,12,127,5,127,5,254,12,1399,189
zone map,Off,On,Off,46,0.1421457090000331,9.245649209000476,127,11,64,5,1013,54,1013,6,254,6,2026,7,507,6,254,12,2026,7,127,5,254,12,7665,131
indexed,Off,Off,"(year, month, town)",46,0.13265004200002295,2.4036073749994102,127,5,64,4,1013,6,1013,6,254,6,2026,7,507,6,254,12,2026,7,127,5,254,12,7665,76
"indexed, zone map, compressed",On,On,"(year, month, town)",46,0.18505999999979394,2.4450329999999667,127,5,64,4,64,4,64,4,127,5,127,5,64,4,254,12,127,5,127,5,254,12,1399,65
basic,Off,Off,Off,47,4.770899977302179e-05,15.211793041999044,127,127,64,6,1013,54,1013,6,254,6,2026,7,507,6,254,12,2026,7,127,5,254,12,7665,248
compressed,On,Off,Off,47,0.0017982080007641343,15.317466750000676,127,127,64,6,64,4,64,4,127,5,127,5,64,4,254,12,127,5,127,5,254,12,1399,189
zone map,Off,On,Off,47,0.14236183300090488,9.24270470800002,127,11,64,5,1013,54,1013,6,254,6,2026,7,507,6,254,12,2026,7,127,5,254,12,7665,131
indexed,Off,Off,"(year, month, town)",47,0.13283091699850047,2.392869792000056,127,5,64,4,1013,6,1013,6,254,6,2026,7,507,6,254,12,2026,7,127,5,254,12,7665,76
"indexed, zone map, compressed",On,On,"(year, month, town)",47,0.1839520410012483,2.428824042000997,127,5,64,4,64,4,64,4,127,5,127,5,64,4,254,12,127,5,127,5,254,12,1399,65
basic,Off,Off,Off,48,5.1790999350487255e-05,15.201791290999608,127,127,64,6,1013,54,1013,6,254,6,2026,7,507,6,254,12,2026,7,127,5,254,12,7665,248
compressed,On,Off,Off,48,0.0017710830015857937,15.276990874999683,127,127,64,6,64,4,64,4,127,5,127,5,64,4,254,12,127,5,127,5,254,12,1399,189
zone map,Off,On,Off,48,0.14292720900084532,9.23662208299902,127,11,64,5,1013,54,1013,6,254,6,2026,7,507,6,254,12,2026,7,127,5,254,12,7665,131
indexed,Off,Off,"(year, month, town)",48,0.13166300000011688,2.4027207090002776,127,5,64,4,1013,6,1013,6,254,6,2026,7,507,6,254,12,2026,7,127,5,254,12,7665,76
"indexed, zone map, compressed",On,On,"(year, month, town)",48,0.18736079200061795,2.4350613330007036,127,5,64,4,64,4,64,4,127,5,127,5,64,4,254,12,127,5,127,5,254,12,1399,65
basic,Off,Off,Off,49,4.866699964622967e-05,15.231299416998809,127,127,64,6,1013,54,1013,6,254,6,2026,7,507,6,254,12,2026,7,127,5,254,12,7665,248
compressed,On,Off,Off,49,0.001778375000867527,15.274124666999342,127,127,64,6,64,4,64,4,127,5,127,5,64,4,254,12,127,5,127,5,254,12,1399,189
zone map,Off,On,Off,49,0.14330354199955764,9.245888375000504,127,11,64,5,1013,54,1013,6,254,6,2026,7,507,6,254,12,2026,7,127,5,254,12,7665,131
indexed,Off,Off,"(year, month, town)",49,0.13092508299996553,2.406901457999993,127,5,64,4,1013,6,1013,6,254,6,2026,7,507,6,254,12,2026,7,127,5,254,12,7665,76
"indexed, zone map, compressed",On,On,"(year, month, town)",49,0.18046200000026147,2.422371374999784,127,5,64,4,64,4,64,4,127,5,127,5,64,4,254,12,127,5,127,5,254,12,1399,65
basic,Off,Off,Off,50,4.970800000592135e-05,15.231883166999978,127,127,64,6,1013,54,1013,6,254,6,2026,7,507,6,254,12,2026,7,127,5,254,12,7665,248
compressed,On,Off,Off,50,0.0017953329988813493,15.286439084000449,127,127,64,6,64,4,64,4,127,5,127,5,64,4,254,12,127,5,127,5,254,12,1399,189
zone map,Off,On,Off,50,0.14512908299911942,9.238117124999917,127,11,64,5,1013,54,1013,6,254,6,2026,7,507,6,254,12,2026,7,127,5,254,12,7665,131
indexed,Off,Off,"(year, month, town)",50,0.1308636249996198,2.4028450420009904,127,5,64,4,1013,6,1013,6,254,6,2026,7,507,6,254,12,2026,7,127,5,254,12,7665,76
"indexed, zone map, compressed",On,On,"(year, month, town)",50,0.18215212500035705,2.432608999999502,127,5,64,4,64,4,64,4,127,5,127,5,64,4,254,12,127,5,127,5,254,12,1399,65
