id,value
0,174
1,541
2,163
3,446
4,557
5,603
6,709
7,333
8,109
9,564
10,218
11,556
12,156
13,471
14,434
15,560
16,332
17,421
18,506
19,631
20,153
21,442
22,558
23,212
24,152
25,331
26,121
27,130
28,646
29,424
30,584
31,412
32,612
33,562
34,223
35,150
36,468
37,177
38,415
39,254
40,207
41,432
42,117
43,428
44,573
45,418
46,324
47,596B
48,234
49,648
50,253A
51,439
52,306
53,729
54,315B
55,700C
56,620
57,38
58,504
59,545
60,546
61,18
62,550
63,502
64,509
65,525
66,534
67,542
68,76
69,703
70,27
71,42
72,426
73,530
74,420
75,105
76,519
77,548
78,537
79,28
80,100
81,103
82,522
83,551
84,608
85,135
86,40
87,57
88,401
89,2
90,116
91,419
92,107
93,221B
94,219A
95,512
96,131
97,147
98,82
99,536
100,517
101,34
102,6
103,37
104,35
105,724
106,523
107,65
108,132
109,62
110,772
111,774
112,768
113,180
114,611
115,602
116,101
117,99
118,553
119,804
120,659
121,405
122,172
123,406
124,55
125,66
126,67
127,114
128,10D
129,629
130,104
131,308
132,271
133,239
134,264
135,281
136,113
137,227
138,167
139,112
140,251
141,302
142,289
143,248
144,310
145,447
146,217
147,128
148,183
149,192
150,201
151,450
152,501
153,410
154,408
155,423
156,272
157,229
158,407
159,240
160,179
161,414
162,269
163,146
164,533
165,157
166,540
167,249
168,316
169,250
170,164
171,312
172,208
173,311
174,319
175,417
176,307
177,138
178,124
179,291B
180,288D
181,186
182,386
183,337
184,165
185,290D
186,291D
187,291A
188,384
189,193
190,243
191,388
192,102
193,623
194,621
195,622
196,202
197,524
198,48
199,8
200,5
201,26
202,129
203,60
204,11
205,77
206,26D
207,26C
208,29
209,46
210,59
211,54
212,106A
213,53
214,14
215,112B
216,20
217,120
218,70
219,68
220,69
221,21
222,8A
223,27A
224,2A
225,50
226,106B
227,95
228,119B
229,75C
230,2C
231,142
232,409
233,435
234,466
235,140
236,123
237,402
238,520
239,615
240,609
241,404
242,440
243,204
244,136
245,652
246,656
247,448
248,507
249,625
250,610
251,627
252,626
253,182
254,606
255,478
256,470
257,653
258,184
259,543
260,1
261,3
262,538
263,532
264,1A
265,1F
266,1C
267,1B
268,1E
269,15
270,459
271,206
272,690A
273,295
274,110
275,688A
276,485A
277,16
278,687A
279,160
280,686C
281,670A
282,238
283,296A
284,616
285,155
286,422
287,296
288,226
289,472
290,673
291,788
292,641
293,765
294,473
295,691B
296,689A
297,760
298,763
299,503
300,474
301,441
302,282
303,287
304,690B
305,457
306,757
307,604
308,513
309,346
310,354
311,515
312,351
313,429
314,304
315,374
316,511
317,318
318,605
319,342
320,43
321,58
322,61
323,93
324,25
325,23
326,9
327,31
328,126
329,45
330,10
331,22
332,44
333,352
334,125
335,309
336,317
337,242
338,327
339,328
340,644
341,335
342,303
343,323
344,619
345,17
346,154
347,301
348,636
349,943
350,690
351,514
352,970
353,566
354,699C
355,111
356,436
357,696
358,363
359,916
360,134
361,456
362,463
363,438
364,220
365,976
366,699A
367,567
368,924
369,837
370,967
371,357
372,577
373,633
374,455
375,712
376,851
377,33
378,257
379,231
380,244
381,210
382,236
383,321
384,265
385,268
386,276
387,216
388,185
389,495
390,215
391,480
392,915
393,914
394,475
395,462
396,339A
397,337B
398,276A
399,273D
400,275B
401,816
402,749
403,823
404,655A
405,843
406,718
407,725
408,411
409,855
410,338A
411,673A
412,465
413,755
414,675A
415,662B
416,659D
417,681C
418,684B
419,516
420,660B
421,921
422,273B
423,268C
424,275D
425,275C
426,221
427,667D
428,756
429,736
430,677C
431,366
432,539
433,673B
434,650C
435,653B
436,748
437,825
438,686B
439,650B
440,988A
441,989B
442,658B
443,262
444,660C
445,987B
446,330
447,689
448,115
449,842
450,752
451,830A
452,549
453,671C
454,656C
455,669D
456,607
457,336
458,679A
459,97
460,4
461,94
462,96
463,684
464,49
465,84
466,106
467,681
468,13
469,3C
470,38D
471,5A
472,12
473,461
474,108
475,79
476,256
477,632
478,634
479,738
480,487
481,232
482,425
483,122
484,571
485,746
486,739
487,190
488,777
489,707
490,708
491,199
492,614
493,266
494,270
495,241
496,714
497,645
498,583
499,196B
500,647
501,642A
502,642B
503,303C
504,636A
505,126C
506,638C
507,204B
508,299
509,201B
510,633B
511,635A
512,303A
513,302B
514,302D
515,301D
516,301A
517,302C
518,302A
519,303D
520,126A
521,101C
522,641C
523,199B
524,176B
525,643
526,196C
527,173C
528,160A
529,160B
530,293
531,171A
532,166
533,83
534,98
535,161
536,61B
537,168A
538,28B
539,181
540,30A
541,18C
542,91
543,19
544,28A
545,18D
546,483
547,589B
548,359B
549,501B
550,320
551,507B
552,466A
553,300
554,510B
555,354B
556,341B
557,468D
558,502A
559,209A
560,183C
561,290B
562,306C
563,185D
564,116A
565,303B
566,124C
567,123E
568,226A
569,322A
570,200A
571,412B
572,406C
573,247
574,325A
575,259B
576,208B
577,438B
578,261C
579,439A
580,264D
581,271B
582,265A
583,272D
584,271A
585,275A
586,277B
587,273C
588,157D
589,158C
590,183B
591,200B
592,122E
593,123B
594,187A
595,188B
596,191A
597,207B
598,298A
599,228C
600,158A
601,186D
602,297B
603,228A
604,319B
605,319C
606,201C
607,262D
608,268A
609,298B
610,250B
611,306B
612,202B
613,299B
614,263
615,245
616,531
617,329
618,224
619,228
620,315
621,255
622,508
623,544
624,820
625,885
626,444
627,810
628,139
629,285
630,213
631,469
632,898
633,809
634,261
635,369
636,476
637,880A
638,856
639,347
640,846
641,277
642,871A
643,489B
644,367
645,355
646,852
647,222
648,722
649,230B
650,450F
651,450E
652,842C
653,946
654,872
655,278
656,498L
657,742
658,149
659,731
660,497B
661,383
662,518C
663,842B
664,148
665,842D
666,515C
667,518A
668,874A
669,430
670,857
671,856C
672,863
673,194
674,195
675,51
676,168
677,118
678,85A
679,143
680,214
681,79E
682,145
683,575
684,831
685,845
686,853
687,751
688,786E
689,737
690,173
691,775
692,873
693,761
694,701
695,704
696,710
697,552
698,896B
699,723
700,681B
701,896A
702,681A
703,162
704,786C
705,689C
706,624B
707,689D
708,881
709,859
710,824
711,862
712,894D
713,895C
714,370
715,581
716,356
717,788D
718,658
719,847
720,403
721,284
722,274
723,141
724,617
725,861
726,741
727,771
728,246
729,639
730,787
731,362
732,279
733,660
734,829
735,802
736,322
737,325
738,170
739,151
740,559
741,127
742,561
743,445
744,443
745,230
746,433
747,535
748,586
749,209
750,235
751,175
752,649
753,700A
754,74
755,75
756,554
757,89
758,521
759,529
760,92
761,32
762,526
763,211
764,52
765,119
766,133
767,81
768,427
769,651
770,220C
771,711
772,773
773,176
774,313
775,290
776,252
777,259
778,267
779,233
780,341
781,385
782,395
783,390
784,188
785,288B
786,289C
787,7
788,118D
789,26B
790,76A
791,119C
792,111B
793,131B
794,73A
795,431
796,505
797,527
798,601
799,630
800,178
801,528
802,451
803,133A
804,30
805,334
806,1G
807,1D
808,413
809,353
810,486
811,692A
812,687C
813,685A
814,684D
815,686A
816,454
817,790
818,764
819,706
820,713
821,715
822,205
823,358
824,364
825,349
826,373
827,340
828,203
829,41
830,844
831,36
832,39
833,642
834,682
835,985A
836,676
837,980C
838,923
839,613
840,909
841,950
842,326
843,688
844,699B
845,979C
846,624
847,339
848,830
849,579
850,64
851,280
852,273
853,288E
854,908
855,904
856,477
857,821
858,618
859,932
860,826
861,832
862,834
863,836
864,268B
865,747
866,679C
867,460
868,663C
869,657A
870,672A
871,667A
872,664D
873,510
874,274D
875,743
876,276B
877,949
878,953
879,272C
880,271D
881,673C
882,198
883,648C
884,661A
885,654B
886,654C
887,652C
888,766
889,661C
890,517C
891,906
892,754
893,159
894,671B
895,86
896,4C
897,73
898,416
899,769
900,479
901,128A
902,175B
903,175C
904,637C
905,163B
906,167B
907,128D
908,126D
909,174D
910,191
911,102D
912,176A
913,105C
914,176C
915,638B
916,102B
917,110B
918,637B
919,204A
920,199D
921,175D
922,297
923,102A
924,641A
925,162B
926,85
927,90
928,169
929,47
930,23A
931,23B
932,62A
933,314
934,482
935,340A
936,589A
937,341A
938,350B
939,509B
940,489
941,466C
942,469B
943,484
944,588C
945,467A
946,501A
947,467B
948,295A
949,124B
950,295B
951,309C
952,308B
953,159A
954,184C
955,311D
956,309B
957,203A
958,292A
959,408A
960,311B
961,309A
962,438A
963,265E
964,441A
965,320A
966,257C
967,264A
968,266B
969,272A
970,268D
971,266A
972,158B
973,188A
974,157A
975,157B
976,122D
977,318D
978,307D
979,116C
980,123A
981,405B
982,323C
983,122A
984,413A
985,116B
986,312B
987,117A
988,299A
989,144
990,822
991,467
992,813
993,225
994,291
995,237
996,497C
997,735
998,359
999,487B
1000,864
1001,858A
1002,862A
1003,896
1004,498J
1005,868
1006,874
1007,391
1008,857B
1009,518B
1010,938
1011,495E
1012,230D
1013,79A
1014,82A
1015,730
1016,588
1017,667
1018,682B
1019,683A
1020,841
1021,689F
1022,753
1023,689E
1024,897C
1025,796
1026,678
1027,807
1028,780
1029,789
1030,283
1031,806
1032,288
1033,786
1034,664
1035,800
1036,716
1037,115A
1038,805
1039,778
1040,758
1041,640
1042,576
1043,570
1044,585
1045,565
1046,315A
1047,316A
1048,518
1049,78
1050,767
1051,657
1052,219D
1053,221A
1054,24
1055,189
1056,368
1057,393
1058,289G
1059,290F
1060,289A
1061,111A
1062,118A
1063,6A
1064,75B
1065,25B
1066,109A
1067,87
1068,219
1069,437
1070,650
1071,635
1072,687B
1073,692B
1074,792
1075,569
1076,638
1077,680
1078,484B
1079,690D
1080,687D
1081,665
1082,770
1083,305
1084,784
1085,343
1086,662
1087,759
1088,728
1089,379
1090,380
1091,939
1092,925
1093,452
1094,981C
1095,655
1096,972
1097,563
1098,698C
1099,253
1100,990B
1101,490
1102,492
1103,338B
1104,339D
1105,945
1106,961
1107,838
1108,839
1109,854
1110,980
1111,667C
1112,649B
1113,649A
1114,663A
1115,271C
1116,276C
1117,819
1118,902
1119,676B
1120,677A
1121,337C
1122,337D
1123,653A
1124,678A
1125,986A
1126,987A
1127,656A
1128,669B
1129,63
1130,685
1131,3D
1132,3B
1133,38A
1134,700
1135,572
1136,776
1137,628
1138,721
1139,568
1140,782
1141,449
1142,547
1143,580
1144,128C
1145,203B
1146,632B
1147,195B
1148,301B
1149,102C
1150,107A
1151,204D
1152,172B
1153,173A
1154,107D
1155,199C
1156,637A
1157,294
1158,166A
1159,165A
1160,187
1161,88
1162,171
1163,28C
1164,508B
1165,491
1166,493
1167,360A
1168,357C
1169,353C
1170,469A
1171,357A
1172,355A
1173,588B
1174,360B
1175,359A
1176,439B
1177,298D
1178,305D
1179,120A
1180,196
1181,204C
1182,207A
1183,157C
1184,290A
1185,201A
1186,313C
1187,209C
1188,404B
1189,265C
1190,439C
1191,441C
1192,277C
1193,267A
1194,273A
1195,206C
1196,117C
1197,310A
1198,316C
1199,260A
1200,301C
1201,403A
1202,292B
1203,403C
1204,191B
1205,201D
1206,321B
1207,200D
1208,258D
1209,412A
1210,307B
1211,262B
1212,202A
1213,506A
1214,236A
1215,808
1216,361
1217,486C
1218,365
1219,877
1220,867
1221,493C
1222,888
1223,275
1224,907
1225,861A
1226,936
1227,888A
1228,491D
1229,912
1230,450C
1231,494C
1232,496B
1233,488A
1234,389
1235,498A
1236,732
1237,394
1238,496C
1239,497H
1240,859A
1241,842E
1242,230G
1243,495A
1244,893
1245,867A
1246,894
1247,85B
1248,200
1249,10B
1250,79B
1251,79C
1252,99B
1253,624A
1254,762
1255,733
1256,786D
1257,892A
1258,897A
1259,895B
1260,371
1261,787C
1262,688F
1263,882
1264,589
1265,898B
1266,628A
1267,685C
1268,719
1269,891B
1270,654
1271,360
1272,137
1273,702
1274,734
1275,726
1276,115C
1277,865
1278,858
1279,880
1280,345
1281,587
1282,348
1283,596D
1284,596C
1285,71
1286,705
1287,219C
1288,219B
1289,221C
1290,94D
1291,338
1292,288C
1293,260
1294,290G
1295,387
1296,298
1297,26A
1298,17A
1299,63A
1300,131C
1301,75A
1302,453
1303,485D
1304,297A
1305,484D
1306,670
1307,555
1308,350
1309,381
1310,372
1311,669
1312,984A
1313,911
1314,661
1315,980A
1316,984C
1317,984D
1318,966
1319,941
1320,959
1321,850
1322,944
1323,727
1324,720
1325,948
1326,675B
1327,717
1328,464
1329,655B
1330,986C
1331,651A
1332,661D
1333,676A
1334,517E
1335,678D
1336,814
1337,815
1338,659A
1339,817
1340,648A
1341,682C
1342,660D
1343,662A
1344,274A
1345,72
1346,4B
1347,2B
1348,744
1349,174C
1350,110C
1351,107C
1352,167D
1353,633A
1354,195D
1355,195A
1356,167A
1357,642C
1358,109B
1359,109C
1360,171C
1361,162A
1362,18B
1363,508A
1364,354A
1365,351A
1366,504A
1367,306A
1368,183D
1369,323B
1370,317A
1371,190B
1372,207D
1373,262A
1374,208A
1375,408B
1376,121B
1377,121A
1378,206D
1379,318A
1380,312A
1381,316B
1382,121C
1383,206B
1384,305A
1385,314C
1386,403D
1387,223A
1388,404A
1389,299C
1390,317D
1391,250C
1392,258
1393,848
1394,899
1395,871
1396,913
1397,487C
1398,818
1399,889A
1400,891
1401,897
1402,891A
1403,929
1404,886
1405,392
1406,450A
1407,922
1408,490A
1409,492C
1410,518D
1411,515A
1412,515B
1413,942
1414,856D
1415,158
1416,153A
1417,101A
1418,787B
1419,625B
1420,786B
1421,628B
1422,681D
1423,582
1424,671
1425,827
1426,893C
1427,397
1428,399
1429,803
1430,833
1431,745
1432,398
1433,799
1434,875
1435,798
1436,828
1437,700B
1438,596A
1439,291C
1440,291E
1441,289D
1442,288A
1443,119D
1444,8B
1445,25A
1446,77A
1447,335A
1448,484A
1449,691A
1450,690C
1451,910
1452,920
1453,958
1454,975
1455,940
1456,375
1457,225A
1458,286D
1459,287D
1460,287A
1461,287B
1462,485
1463,903
1464,276D
1465,674B
1466,488
1467,979
1468,680C
1469,651B
1470,337A
1471,660A
1472,659B
1473,650A
1474,664B
1475,652B
1476,654A
1477,684C
1478,685B
1479,669C
1480,687
1481,683B
1482,637
1483,458
1484,781
1485,176D
1486,205A
1487,103C
1488,105B
1489,128B
1490,104B
1491,56
1492,3A
1493,510A
1494,508C
1495,354C
1496,466B
1497,356B
1498,354D
1499,295C
1500,305C
1501,185C
1502,308C
1503,186C
1504,260D
1505,324A
1506,436B
1507,441B
1508,270A
1509,441D
1510,269A
1511,272B
1512,264F
1513,277D
1514,188D
1515,296B
1516,184B
1517,313B
1518,403B
1519,318C
1520,407B
1521,257A
1522,260B
1523,879
1524,866
1525,491C
1526,489C
1527,498E
1528,498D
1529,498F
1530,930
1531,842G
1532,486A
1533,493E
1534,842F
1535,515D
1536,856B
1537,79D
1538,849
1539,666
1540,684A
1541,801
1542,895A
1543,688C
1544,764A
1545,788C
1546,783
1547,812
1548,286
1549,115B
1550,795
1551,308A
1552,344
1553,310B
1554,94C
1555,10E
1556,118B
1557,668
1558,672B
1559,683C
1560,689B
1561,297C
1562,377
1563,674
1564,686
1565,981D
1566,574
1567,984B
1568,978C
1569,980D
1570,698B
1571,931
1572,960
1573,698D
1574,215A
1575,286B
1576,498
1577,481
1578,917
1579,926
1580,933
1581,668D
1582,987D
1583,811
1584,659C
1585,988B
1586,678C
1587,989A
1588,653C
1589,664A
1590,989D
1591,987C
1592,666B
1593,671A
1594,860
1595,665B
1596,665A
1597,108C
1598,38B
1599,750
1600,196D
1601,107B
1602,638A
1603,101D
1604,173B
1605,126B
1606,105D
1607,175A
1608,61C
1609,507C
1610,466D
1611,359C
1612,353A
1613,352A
1614,504D
1615,588A
1616,468A
1617,436C
1618,307A
1619,228B
1620,120B
1621,314B
1622,311C
1623,307C
1624,409B
1625,269B
1626,264E
1627,226B
1628,408C
1629,413B
1630,258B
1631,320B
1632,317B
1633,261B
1634,206A
1635,258C
1636,325B
1637,318B
1638,225B
1639,259C
1640,261A
1641,261D
1642,224D
1643,250D
1644,878
1645,496E
1646,869
1647,491B
1648,489A
1649,494B
1650,496F
1651,842H
1652,856F
1653,840
1654,897B
1655,787E
1656,892B
1657,899B
1658,690F
1659,679
1660,688E
1661,787D
1662,893B
1663,310C
1664,740
1665,613B
1666,10F
1667,290E
1668,112A
1669,74A
1670,663
1671,296E
1672,484C
1673,677
1674,672
1675,2D
1676,693
1677,969
1678,981A
1679,971
1680,956
1681,286A
1682,287C
1683,285A
1684,928
1685,919
1686,657B
1687,668A
1688,648B
1689,678B
1690,664C
1691,679B
1692,695
1693,656D
1694,14A
1695,199A
1696,635C
1697,632C
1698,642D
1699,173D
1700,171B
1701,62B
1702,28D
1703,589C
1704,589D
1705,503B
1706,356A
1707,350C
1708,507D
1709,185B
1710,184A
1711,304A
1712,314A
1713,119A
1714,227A
1715,407A
1716,325C
1717,257B
1718,188C
1719,304B
1720,192C
1721,324D
1722,203E
1723,884
1724,870
1725,934
1726,495C
1727,892
1728,85C
1729,82B
1730,682A
1731,683D
1732,793
1733,791
1734,896C
1735,682D
1736,795A
1737,80
1738,197
1739,124A
1740,688B
1741,297D
1742,692
1743,697
1744,954
1745,339C
1746,667B
1747,989C
1748,662D
1749,274C
1750,669A
1751,683
1752,108B
1753,500
1754,779
1755,635B
1756,161B
1757,195C
1758,104A
1759,103A
1760,103B
1761,197A
1762,172A
1763,504B
1764,509A
1765,352B
1766,501C
1767,351B
1768,468B
1769,351D
1770,436A
1771,406A
1772,314D
1773,259A
1774,436D
1775,183A
1776,296C
1777,322B
1778,315C
1779,406B
1780,321C
1781,267B
1782,324C
1783,250A
1784,506B
1785,450D
1786,898A
1787,690E
1788,688D
1789,794
1790,788B
1791,288G
1792,289B
1793,335B
1794,686D
1795,378
1796,835
1797,979A
1798,979B
1799,985B
1800,955
1801,963
1802,578
1803,285B
1804,285C
1805,947
1806,677B
1807,691
1808,339B
1809,662C
1810,918
1811,59C
1812,39A
1813,601C
1814,106D
1815,360C
1816,352C
1817,503A
1818,123C
1819,223D
1820,209B
1821,409A
1822,322C
1823,223C
1824,189C
1825,225C
1826,232A
1827,201E
1828,487A
1829,876
1830,491F
1831,492B
1832,498G
1833,486B
1834,495D
1835,14B
1836,899C
1837,94E
1838,29A
1839,289E
1840,6B
1841,127D
1842,694
1843,675
1844,980B
1845,974
1846,286C
1847,952
1848,990C
1849,668C
1850,658C
1851,658A
1852,652A
1853,656B
1854,168B
1855,174B
1856,106C
1857,602A
1858,196A
1859,101B
1860,110D
1861,163A
1862,197B
1863,166B
1864,18A
1865,507A
1866,357B
1867,503C
1868,298C
1869,323A
1870,269D
1871,224A
1872,319A
1873,120C
1874,269C
1875,277A
1876,187B
1877,186B
1878,260C
1879,313D
1880,485B
1881,935
1882,497D
1883,497G
1884,937
1885,894C
1886,797
1887,796A
1888,220B
1889,27B
1890,485C
1891,674A
1892,92A
1893,964
1894,990A
1895,494
1896,978
1897,988C
1898,38C
1899,637D
1900,601D
1901,161A
1902,195E
1903,604B
1904,601A
1905,603A
1906,172C
1907,350A
1908,227C
1909,443A
1910,290C
1911,405C
1912,117B
1913,203D
1914,320C
1915,488B
1916,899A
1917,450G
1918,491E
1919,498M
1920,230E
1921,292
1922,127A
1923,376
1924,962
1925,957
1926,668B
1927,658D
1928,602C
1929,602B
1930,636B
1931,306D
1932,632A
1933,603B
1934,603C
1935,265D
1936,265B
1937,313A
1938,123D
1939,202C
1940,205B
1941,883
1942,887
1943,894A
1944,491A
1945,493A
1946,367A
1947,492D
1948,495F
1949,889
1950,894B
1951,220A
1952,42A
1953,905
1954,663B
1955,661B
1956,680A
1957,174A
1958,61A
1959,410A
1960,211D
1961,210B
1962,210A
1963,266C
1964,264C
1965,121D
1966,207C
1967,122C
1968,234A
1969,495B
1970,396
1971,785
1972,94B
1973,118C
1974,968
1975,274B
1976,165B
1977,410C
1978,192B
1979,224C
1980,305B
1981,227D
1982,226C
1983,498H
1984,491G
1985,895
1986,788E
1987,289F
1988,986B
1989,698
1990,965
1991,927
1992,601B
1993,604C
1994,614B
1995,613D
1996,110A
1997,468C
1998,443C
1999,443B
2000,158D
2001,321A
2002,210C
2003,211A
2004,224B
2005,189B
2006,857A
2007,887A
2008,230J
2009,230H
2010,80A
2011,893A
2012,127C
2013,4A
2014,663D
2015,604A
2016,612A
2017,641B
2018,405A
2019,411A
2020,411B
2021,410B
2022,264B
2023,186A
2024,192A
2025,262C
2026,168C
2027,167C
2028,493D
2029,168D
2030,285D
2031,59B
2032,612D
2033,613C
2034,615C
2035,614A
2036,340B
2037,356C
2038,501D
2039,213B
2040,212C
2041,213A
2042,445B
2043,445A
2044,317C
2045,205C
2046,189A
2047,864A
2048,496G
2049,230C
2050,786F
2051,296D
2052,978D
2053,699
2054,615B
2055,613A
2056,504C
2057,353B
2058,351C
2059,211B
2060,190A
2061,227B
2062,122B
2063,84B
2064,43A
2065,977
2066,612C
2067,211C
2068,212B
2069,212A
2070,309D
2071,886A
2072,491H
2073,493B
2074,497A
2075,63B
2076,951
2077,517D
2078,615A
2079,612B
2080,105A
2081,311A
2082,324B
2083,81A
2084,226E
2085,981B
2086,648D
2087,320D
2088,860B
2089,497J
2090,893D
2091,588D
2092,267C
2093,185A
2094,498B
2095,99C
2096,270B
2097,270C
2098,490B
2099,80C
2100,476C
2101,59A
2102,617C
2103,618B
2104,435A
2105,434A
2106,223B
2107,81B
2108,48A
2109,617B
2110,446C
2111,476B
2112,617D
2113,434B
2114,435B
2115,619C
2116,619A
2117,618C
2118,447A
2119,435C
2120,258A
2121,572B
2122,12B
2123,476A
2124,476D
2125,698A
2126,618D
2127,618A
2128,619B
2129,7A
2130,497F
2131,12A
2132,12C
2133,828A
2134,666A
2135,138B
2136,80B
2137,623C
2138,623A
2139,619D
2140,624C
2141,109D
2142,446B
2143,139A
2144,138A
2145,570C
2146,633C
2147,973
2148,623B
2149,447B
2150,863A
2151,496D
2152,230F
2153,138C
2154,84A
2155,139B
2156,625A
2157,169B
2158,535A
2159,570A
2160,570B
2161,633D
2162,622A
2163,617A
2164,571A
2165,288F
2166,169C
2167,203C
2168,99A
2169,571C
2170,571B
2171,181A
2172,680B
2173,622B
2174,170C
2175,208C
2176,170B
2177,169A
2178,572A
2179,180A
2180,622C
2181,499B
2182,150A
2183,180B
2184,180C
2185,170A
2186,450B
2187,178D
2188,448A
2189,430D
2190,499A
2191,887C
2192,181B
2193,180D
2194,430C
2195,433B
2196,432B
2197,178A
2198,886D
2199,217A
2200,448B
2201,887B
2202,886C
2203,9B
2204,430A
2205,430B
2206,886B
2207,9A
2208,213C
2209,178B
2210,433A
2211,432A
2212,10A
2213,463B
2214,178C
2215,426A
2216,347A
2217,517A
2218,463C
2219,451A
2220,348D
2221,426C
2222,336B
2223,426D
2224,336C
2225,463A
2226,426B
2227,428B
2228,452B
2229,452A
2230,782A
2231,348A
2232,347B
2233,348C
2234,590A
2235,451B
2236,326A
2237,860A
2238,780B
2239,782D
2240,782B
2241,348B
2242,546B
2243,266D
2244,591A
2245,592B
2246,593A
2247,592C
2248,780E
2249,424D
2250,335C
2251,336A
2252,546A
2253,471A
2254,197C
2255,592A
2256,590B
2257,326B
2258,327A
2259,327C
2260,282B
2261,281B
2262,282A
2263,522A
2264,382
2265,522C
2266,782C
2267,780A
2268,780C
2269,780D
2270,424A
2271,333B
2272,333A
2273,334B
2274,547D
2275,547A
2276,546C
2277,470A
2278,470C
2279,471B
2280,593B
2281,590C
2282,281A
2283,332C
2284,327B
2285,332A
2286,332B
2287,333D
2288,280A
2289,869A
2290,869B
2291,780F
2292,424C
2293,428A
2294,431C
2295,431B
2296,547B
2297,470B
2298,197D
2299,312C
2300,453B
2301,334A
2302,326C
2303,333C
2304,280B
2305,282C
2306,868A
2307,522B
2308,782E
2309,424B
2310,429B
2311,431D
2312,334C
2313,432D
2314,432C
2315,527A
2316,453A
2317,331C
2318,279C
2319,326D
2320,868C
2321,523B
2322,523C
2323,856E
2324,342B
2325,334D
2326,526A
2327,525C
2328,524A
2329,453D
2330,279A
2331,440A
2332,329A
2333,453C
2334,279B
2335,519C
2336,431A
2337,547C
2338,527B
2339,440C
2340,329B
2341,440B
2342,331B
2343,524B
2344,520A
2345,519B
2346,523A
2347,519D
2348,342C
2349,550B
2350,528B
2351,525A
2352,526D
2353,526B
2354,520C
2355,523D
2356,640A
2357,548B
2358,549B
2359,634A
2360,549A
2361,528A
2362,525B
2363,526C
2364,330B
2365,331A
2366,336D
2367,890C
2368,890A
2369,519A
2370,429A
2371,505C
2372,747A
2373,748A
2374,748C
2375,747B
2376,550A
2377,475C
2378,475B
2379,138D
2380,527C
2381,528C
2382,672D
2383,330A
2384,890B
2385,342A
2386,505B
2387,505D
2388,634B
2389,477A
2390,475D
2391,524C
2392,416B
2393,414A
2394,494E
2395,863B
2396,505A
2397,748B
2398,747C
2399,475A
2400,477B
2401,527D
2402,672C
2403,414B
2404,416C
2405,415B
2406,548A
2407,636C
2408,477C
2409,415A
2410,416A
2411,415C
2412,472C
2413,494D
2414,807B
2415,665C
2416,489D
2417,490D
2418,471C
2419,472A
2420,807A
2421,488C
2422,469C
2423,442D
2424,490C
2425,376A
2426,376B
2427,530C
2428,670C
2429,858B
2430,807C
2431,808A
2432,443D
2433,488D
2434,17B
2435,670B
2436,472B
2437,293D
2438,871C
2439,808C
2440,96A
2441,442B
2442,442C
2443,256C
2444,256D
2445,868B
2446,376C
2447,530B
2448,530A
2449,473A
2450,294A
2451,164A
2452,808B
2453,95C
2454,815A
2455,256B
2456,256A
2457,164B
2458,293A
2459,164C
2460,870A
2461,871B
2462,809B
2463,803A
2464,805A
2465,808D
2466,809A
2467,530D
2468,676C
2469,293C
2470,216A
2471,520B
2472,889C
2473,697A
2474,676D
2475,316D
2476,163C
2477,293B
2478,215B
2479,889B
2480,96B
2481,70A
2482,803B
2483,804A
2484,815C
2485,697B
2486,677D
2487,216B
2488,889D
2489,95B
2490,70B
2491,804B
2492,815B
2493,473B
2494,8C
2495,162C
2496,95A
2497,811A
2498,803C
2499,816A
2500,805B
2501,816B
2502,473C
2503,217C
2504,217B
2505,878B
2506,717B
2507,511A
2508,70C
2509,803D
2510,810A
2511,473D
2512,217D
2513,506C
2514,511B
2515,817A
2516,805C
2517,817B
2518,278B
2519,717A
2520,194B
2521,194A
2522,810B
2523,812C
2524,805D
2525,802A
2526,801A
2527,216C
2528,278A
2529,879B
2530,878A
2531,512A
2532,801C
2533,801B
2534,818B
2535,812B
2536,932B
2537,216D
2538,511C
2539,818A
2540,812A
2541,818C
2542,811B
2543,801D
2544,817C
2545,932A
2546,364B
2547,697C
2548,879A
2549,512B
2550,802B
2551,365A
2552,364A
2553,365B
2554,113C
2555,933A
2556,113D
2557,512C
2558,802C
2559,365C
2560,113B
2561,113A
2562,278C
2563,365D
2564,218C
2565,10C
2566,509C
2567,502B
2568,455C
2569,455A
2570,455B
2571,226F
2572,449B
2573,446A
2574,448C
2575,440D
2576,292C
2577,91A
2578,93A
2579,90B
2580,218B
2581,561A
2582,218D
2583,561B
2584,560A
2585,218A
2586,222A
2587,231B
2588,231A
2589,233B
2590,234B
2591,120D
2592,130B
2593,130A
2594,129A
2595,129C
2596,104D
2597,129B
2598,108A
2599,104C
2600,115D
2601,338C
2602,418A
2603,338D
2604,418B
2605,418C
2606,417A
2607,492G
2608,131A
2609,574B
2610,785B
2611,785C
2612,784C
2613,785D
2614,784A
2615,574A
2616,573A
2617,784B
2618,693A
2619,783A
2620,573C
2621,691D
2622,573B
2623,691C
2624,783C
2625,783D
2626,783B
2627,694A
2628,693B
2629,694D
2630,694B
2631,694C
2632,693C
2633,813A
2634,502D
2635,502C
2636,813B
2637,513A
2638,513D
2639,513B
2640,513C
2641,675D
2642,675C
2643,449A
2644,442A
2645,461A
2646,461D
2647,461C
2648,461B
2649,90A
2650,93B
2651,92B
2652,997C
2653,997A
2654,997B
2655,992B
2656,998B
2657,992A
2658,991A
2659,991B
2660,996A
2661,996B
2662,998A
2663,995A
2664,996C
2665,995C
2666,995B
2667,999B
2668,140B
2669,140A
2670,140D
2671,140C
2672,232C
2673,233A
2674,233C
2675,232B
2676,322D
2677,323D
2678,363A
2679,362C
2680,363B
2681,366A
2682,362B
2683,362A
2684,366B
2685,494G
2686,494H
2687,494J
2688,606B
2689,605B
2690,605A
2691,605C
2692,182A
2693,182B
2694,462A
2695,462C
2696,462B
2697,462D
2698,438C
2699,460A
2700,437A
2701,460B
2702,460C
2703,460D
2704,83B
2705,83A
2706,240A
2707,132B
2708,132A
2709,132C
2710,457B
2711,458B
2712,458A
2713,458C
2714,456A
2715,456B
2716,606A
2717,606D
2718,605D
2719,606C
2720,610C
2721,610A
2722,609D
2723,609C
2724,608C
2725,610B
2726,608A
2727,609A
2728,609B
2729,608B
2730,464B
2731,464A
2732,993A
2733,993B
2734,994A
2735,994B
2736,994C
2737,409C
2738,457A
2739,876A
2740,875B
2741,479A
2742,478B
2743,478C
2744,478A
2745,479B
2746,479C
